a;2186369
the;6187267
be;4239632
of;3093444
and;2687863
in;1924315
to;1620850
have;1375636
it;1090186
to;1039323
for;887877
i;884599
that;760399
you;695498
he;681255
on;680739
with;675027
do;559596
at;534162
by;517171
not;465486
this;461945
but;459622
from;434532
they;433441
his;426896
that;384313
she;380257
or;373808
which;372031
as;364164
we;358039
an;343063
say;333518
will;297281
would;272345
can;266116
if;261089
their;260919
go;249540
what;249466
there;239460
all;230737
get;220940
her;218258
make;217268
who;205432
as;201968
out;201819
up;195426
see;191661
know;185534
time;183427
take;179220
them;173414
some;171174
could;168387
so;167324
him;165014
year;163930
into;163469
its;163081
then;160652
think;153881
my;152619
come;151871
than;147618
more;146029
about;144554
now;143801
last;140063
your;138334
me;138151
no;137026
other;135185
give;131417
just;128517
should;128393
these;125442
people;125430
also;124884
well;124451
any;123655
only;122128
new;115523
very;114911
when;113655
may;113024
way;112636
look;111058
like;110090
use;108820
her;108710
such;108524
how;103508
because;103003
when;102621
as;101583
good;100652
find;98899
man;97985
our;95001
want;94293
day;92699
between;91141
even;90473
there;89890
many;89659
those;88862
one;86364
after;85939
down;84446
yeah;83382
so;79028
thing;77612
tell;77245
through;75588
back;75494
still;72774
must;72059
child;71008
here;70947
over;70676
too;70164
put;69978
own;69459
on;68362
no;67999
work;67842
become;67219
more;67198
old;66999
government;66894
mean;66556
part;65773
leave;64447
life;64423
great;64369
where;64118
case;63577
woman;63087
over;62993
seem;62445
same;62402
us;62350
work;62248
need;62201
feel;62185
system;61912
each;61492
may;61446
might;61446
much;61338
ask;60879
group;60689
number;60607
yes;60592
however;60498
another;60182
again;59829
world;59094
area;58449
show;58152
course;57776
company;57754
shall;57056
under;56638
problem;56483
against;56208
never;55899
all;55704
most;54966
service;54468
try;54422
call;53396
hand;53265
party;52979
high;52703
about;52561
something;52452
school;52227
in;51652
small;51626
place;51537
before;51259
why;50877
while;50548
away;50294
keep;50092
point;49187
house;49022
different;48373
country;48177
really;48062
provide;47923
week;47512
hold;47234
large;47185
member;47141
off;46285
always;46228
next;46221
follow;46145
without;45867
turn;45487
end;45160
within;45042
local;44920
where;44496
during;44013
bring;43894
most;43792
word;43750
begin;43740
although;43635
example;43402
next;43139
family;42773
rather;42341
fact;42241
like;41909
social;41617
write;41497
state;41351
percent;41205
quite;41169
both;41162
start;41029
run;40858
long;40492
right;40460
set;40381
help;40265
every;40114
home;39850
month;39819
side;39626
night;39315
important;39265
eye;39192
head;39000
information;38656
question;38608
business;38204
play;38053
power;37963
money;37892
change;37884
move;37836
interest;37744
order;37736
book;37675
often;37640
development;37386
young;37278
national;37231
pay;36665
hear;36575
room;36360
whether;36169
water;35767
form;35758
car;35295
other;35164
yet;35058
perhaps;35039
meet;34970
level;34885
until;34807
though;34801
policy;34775
include;34753
believe;34603
council;34496
already;34292
possible;34178
nothing;34064
line;33888
allow;33687
need;33660
effect;33423
big;33300
use;32998
lead;32923
stand;32899
idea;32798
study;32786
lot;32733
live;32675
job;32484
since;32404
name;32309
result;32259
body;32231
happen;32075
friend;31927
right;31873
least;31713
right;31630
almost;31588
much;31284
carry;31258
authority;31231
long;31143
early;31110
view;31102
himself;31082
public;30983
together;30960
talk;30930
report;30857
after;30855
only;30775
before;30731
bit;30675
face;30624
sit;30599
market;30596
appear;30595
continue;30466
able;30454
political;30366
later;30326
hour;30218
rate;30179
law;30169
door;30166
court;29976
office;29943
let;29768
war;29722
produce;29490
reason;29194
less;29147
minister;29141
subject;29091
person;28981
term;28896
particular;28887
full;28836
involve;28772
sort;28760
require;28711
suggest;28665
far;28626
towards;28600
anything;28321
period;28300
consider;28271
read;28216
change;28210
society;28150
process;28035
mother;27784
offer;27697
late;27673
voice;27665
both;27644
once;27632
police;27508
kind;27485
lose;27484
add;27367
probably;27303
expect;27221
ever;27195
available;27184
no;27178
price;27166
little;26953
action;26894
issue;26889
far;26856
remember;26748
position;26625
low;26616
cost;26556
little;26553
matter;26304
community;26289
remain;26244
figure;26191
type;26034
research;26018
actually;25990
education;25987
fall;25966
speak;25788
few;25781
today;25775
enough;25635
open;25614
bad;25608
buy;25582
programme;25444
minute;25440
moment;25371
girl;25366
age;25340
centre;25272
stop;25066
control;25041
value;25024
send;24816
health;24527
decide;24380
main;24370
win;24310
understand;24252
decision;24233
develop;24205
class;24148
industry;24144
receive;24111
back;24095
several;24002
return;23976
build;23931
spend;23799
force;23785
condition;23742
itself;23712
paper;23694
themselves;23673
major;23629
off;23629
describe;23533
agree;23497
economic;23484
increase;23474
upon;23409
learn;23394
general;23340
century;23259
therefore;23218
father;23216
section;23188
around;23106
patient;23106
activity;23105
road;23103
table;23092
including;23082
church;23008
reach;22992
real;22982
lie;22959
mind;22926
likely;22899
among;22864
team;22781
experience;22751
death;22712
soon;22703
act;22657
sense;22601
staff;22363
certain;22297
student;22237
half;22232
around;22180
language;22117
walk;22101
die;22087
special;22040
difficult;22033
international;22010
particularly;22002
department;21939
management;21884
morning;21845
draw;21778
across;21763
hope;21763
plan;21727
product;21712
city;21596
early;21585
committee;21575
ground;21504
letter;21488
create;21470
evidence;21454
foot;21339
clear;21260
boy;21205
game;21181
food;21044
role;21016
practice;20950
bank;20946
else;20919
support;20904
sell;20902
event;20839
building;20770
range;20726
behind;20694
sure;20678
report;20660
pass;20633
black;20609
stage;20586
meeting;20544
sometimes;20517
thus;20488
accept;20373
town;20170
art;20168
further;20138
club;20113
cause;20091
arm;20089
history;20064
parent;20060
land;20001
trade;19928
watch;19869
white;19865
situation;19856
whose;19833
ago;19808
teacher;19744
record;19639
manager;19636
relation;19628
common;19565
strong;19558
field;19542
whole;19542
free;19539
break;19512
yesterday;19459
support;19344
window;19340
account;19260
explain;19218
stay;19207
few;19160
wait;19152
usually;19151
difference;19138
material;19057
air;19046
wife;19039
cover;19015
apply;18982
project;18916
raise;18913
sale;18900
relationship;18866
indeed;18858
light;18853
claim;18828
form;18757
base;18742
care;18717
someone;18681
everything;18675
certainly;18647
rule;18579
home;18540
cut;18511
grow;18433
similar;18432
story;18418
quality;18415
tax;18313
worker;18247
nature;18223
structure;18201
data;18188
necessary;18107
pound;18058
method;18044
unit;17958
bed;17947
central;17947
union;17902
movement;17880
board;17878
true;17836
well;17809
simply;17756
contain;17732
especially;17694
open;17662
short;17635
personal;17622
detail;17584
model;17553
bear;17461
single;17415
join;17331
reduce;17226
establish;17224
herself;17197
wall;17194
face;17193
easy;17065
private;17022
computer;16976
former;16973
hospital;16898
chapter;16860
scheme;16804
theory;16776
choose;16731
wish;16647
property;16646
achieve;16628
financial;16622
poor;16579
officer;16555
up;16509
charge;16503
director;16487
drive;16477
deal;16402
place;16392
approach;16331
chance;16288
application;16281
seek;16270
cos;16247
foreign;16234
along;16233
top;16176
amount;16138
son;16077
operation;16040
fail;16038
human;16008
opportunity;16002
simple;15911
leader;15903
look;15872
share;15840
production;15837
recent;15812
firm;15767
picture;15748
source;15747
security;15742
according;15722
serve;15722
end;15688
contract;15672
wide;15644
occur;15635
agreement;15627
better;15626
act;15620
kill;15620
site;15602
either;15599
labour;15552
plan;15538
various;15502
since;15496
test;15491
eat;15446
loss;15442
close;15439
represent;15416
love;15398
colour;15370
clearly;15349
shop;15292
benefit;15251
animal;15250
heart;15242
election;15227
purpose;15159
standard;15156
due;15140
rise;15106
secretary;15106
date;15044
hard;15034
music;15024
hair;15020
prepare;14961
factor;14960
other;14959
anyone;14956
pattern;14934
manage;14894
piece;14873
discuss;14861
prove;14812
front;14758
evening;14739
royal;14711
tree;14692
population;14664
fine;14650
plant;14638
pressure;14635
catch;14627
response;14627
pick;14622
street;14622
performance;14620
knowledge;14609
despite;14592
design;14565
page;14546
enjoy;14527
individual;14487
suppose;14482
rest;14440
instead;14437
wear;14434
basis;14420
size;14416
environment;14403
per;14402
fire;14379
series;14348
success;14330
natural;14304
wrong;14274
near;14248
round;14244
thought;14214
list;14212
argue;14196
final;14178
future;14174
introduce;14155
analysis;14149
enter;14141
space;14119
arrive;14093
ensure;14032
demand;14025
statement;13990
to;13989
attention;13968
love;13921
principle;13877
pull;13852
set;13691
doctor;13684
choice;13682
refer;13673
feature;13669
couple;13668
step;13625
following;13592
thank;13531
machine;13518
income;13509
training;13503
present;13475
association;13471
film;13466
region;13452
effort;13386
everyone;13337
player;13337
present;13308
award;13274
village;13249
control;13240
organisation;13237
whatever;13236
news;13223
nice;13183
difficulty;13177
modern;13156
cell;13153
close;13106
current;13105
legal;13103
energy;13083
finally;13014
degree;12996
mile;12952
means;12942
growth;12938
whom;12926
treatment;12903
sound;12902
above;12889
task;12883
provision;12876
affect;12867
please;12862
red;12857
happy;12854
behaviour;12853
concerned;12852
point;12844
function;12819
identify;12801
resource;12790
defence;12760
garden;12746
floor;12745
technology;12713
style;12697
feeling;12671
science;12644
relate;12634
doubt;12628
horse;12623
force;12606
answer;12596
compare;12591
suffer;12584
individual;12583
announce;12582
forward;12582
user;12549
fund;12523
character;12511
risk;12466
normal;12451
myself;12444
nor;12442
dog;12406
obtain;12382
quickly;12381
army;12379
indicate;12369
forget;12353
station;12328
glass;12296
cup;12294
previous;12286
husband;12263
recently;12249
publish;12242
anyway;12232
serious;12232
visit;12213
capital;12188
either;12167
note;12166
season;12161
argument;12125
listen;12080
show;12079
responsibility;12078
significant;12073
deal;12067
prime;12031
economy;12003
element;11997
finish;11977
duty;11931
fight;11929
train;11907
maintain;11881
attempt;11877
leg;11858
investment;11850
save;11827
design;11810
throughout;11810
suddenly;11795
brother;11757
improve;11753
avoid;11750
wonder;11735
tend;11734
title;11720
hotel;11683
aspect;11643
increase;11628
help;11606
industrial;11599
express;11591
summer;11563
determine;11551
generally;11537
daughter;11522
exist;11515
used;11513
share;11505
baby;11503
nearly;11484
smile;11477
sorry;11453
sea;11430
skill;11423
claim;11412
treat;11394
remove;11385
concern;11368
university;11367
labour;11356
left;11343
dead;11341
discussion;11315
specific;11306
box;11292
customer;11292
outside;11276
state;11247
conference;11243
whole;11228
total;11152
division;11119
profit;11119
throw;11110
procedure;11100
fill;11098
king;11045
assume;11044
image;11024
oil;11022
obviously;11014
unless;11011
appropriate;11010
circumstance;11009
military;10998
proposal;10963
mention;10950
client;10948
sector;10937
admit;10905
direction;10905
though;10876
replace;10873
basic;10860
hard;10843
instance;10809
original;10808
sign;10808
successful;10803
okay;10798
aware;10764
reflect;10764
measure;10760
attitude;10758
yourself;10746
disease;10736
exactly;10729
above;10719
commission;10712
intend;10708
beyond;10705
seat;10691
president;10678
addition;10664
encourage;10664
goal;10655
round;10635
miss;10627
popular;10600
affair;10561
technique;10548
respect;10540
drop;10537
professional;10527
less;10522
once;10511
item;10503
fly;10483
reveal;10482
version;10481
maybe;10472
ability;10468
operate;10462
good;10451
campaign;10441
heavy;10439
advice;10437
institution;10399
top;10398
discover;10366
surface;10361
library;10356
pupil;10320
record;10315
refuse;10312
prevent;10286
advantage;10285
dark;10264
teach;10248
memory;10221
culture;10196
blood;10176
cost;10167
majority;10146
answer;10140
variety;10138
press;10129
bill;10125
depend;10125
competition;10119
ready;10110
general;10101
access;10099
hit;10098
stone;10076
extent;10071
useful;10071
employment;10067
regard;10066
apart;10040
present;10023
appeal;10020
text;10014
parliament;10010
cause;10006
terms;9993
bar;9969
attack;9963
effective;9951
mouth;9930
down;9928
result;9912
fish;9901
future;9881
visit;9878
easily;9877
little;9877
attempt;9873
enable;9858
trouble;9826
traditional;9819
payment;9811
best;9790
post;9776
county;9745
lady;9739
holiday;9731
realise;9726
chair;9718
importance;9718
facility;9713
complete;9711
article;9710
object;9697
context;9687
survey;9676
notice;9663
complete;9660
turn;9656
direct;9653
immediately;9652
collection;9639
reference;9638
card;9632
interesting;9624
considerable;9614
television;9603
extend;9592
communication;9590
agency;9579
except;9569
physical;9569
check;9566
sun;9558
possibility;9555
species;9555
official;9544
chairman;9503
speaker;9456
second;9445
career;9441
laugh;9436
weight;9433
sound;9432
responsible;9429
base;9410
document;9399
return;9348
solution;9348
medical;9338
hot;9331
recognise;9316
talk;9314
budget;9311
river;9300
fit;9286
organization;9272
existing;9270
start;9268
push;9266
tomorrow;9243
requirement;9234
cold;9227
edge;9225
opposition;9214
opinion;9213
drug;9211
quarter;9203
option;9189
sign;9188
worth;9183
call;9182
define;9178
stock;9170
influence;9162
occasion;9152
eventually;9138
software;9134
highly;9132
exchange;9130
lack;9126
shake;9120
study;9100
concept;9093
blue;9089
star;9088
radio;9066
no-one;9064
arrangement;9054
examine;9025
bird;9021
green;9013
band;9003
sex;9000
finger;8998
past;8972
independent;8968
equipment;8950
north;8949
mind;8946
move;8945
message;8938
afternoon;8934
fear;8934
drink;8926
fully;8911
race;8901
gain;8900
strategy;8895
extra;8885
scene;8882
slightly;8873
kitchen;8866
arise;8860
speech;8860
network;8853
tea;8849
peace;8847
failure;8841
employee;8821
ahead;8809
scale;8802
attend;8801
hardly;8801
shoulder;8800
otherwise;8798
railway;8793
directly;8784
supply;8769
expression;8756
owner;8752
associate;8743
corner;8729
past;8728
match;8718
sport;8698
status;8688
beautiful;8670
hang;8668
marriage;8668
offer;8668
civil;8660
perform;8648
sentence;8645
crime;8637
ball;8636
marry;8631
wind;8624
truth;8618
protect;8610
safety;8609
completely;8605
partner;8605
copy;8602
balance;8601
reader;8592
sister;8592
below;8587
trial;8573
rock;8567
damage;8552
adopt;8549
newspaper;8544
meaning;8530
essential;8512
light;8512
obvious;8510
nation;8508
confirm;8489
length;8472
south;8472
branch;8456
deep;8444
none;8440
planning;8433
trust;8428
working;8422
pain;8408
positive;8397
studio;8397
spirit;8384
college;8375
accident;8374
star;8371
hope;8369
mark;8326
works;8315
league;8309
clear;8302
imagine;8300
through;8296
cash;8283
normally;8265
play;8250
strength;8228
train;8220
target;8170
travel;8170
very;8169
pair;8143
gas;8133
male;8133
issue;8132
contribution;8130
complex;8124
supply;8123
beat;8106
artist;8105
agent;8100
presence;8097
along;8081
environmental;8054
strike;8049
contact;8034
protection;8025
beginning;8018
demand;7992
media;7977
relevant;7950
employ;7945
shoot;7939
executive;7921
slowly;7914
relatively;7912
aid;7903
huge;7901
late;7895
speed;7885
review;7877
test;7868
order;7859
route;7851
consequence;7844
telephone;7842
proportion;7822
release;7822
primary;7821
consideration;7808
driver;7806
reform;7806
annual;7785
nuclear;7776
latter;7762
practical;7753
commercial;7749
rich;7708
emerge;7706
apparently;7696
ring;7693
distance;7692
exercise;7686
key;7679
close;7678
skin;7668
island;7649
separate;7641
aim;7638
danger;7637
credit;7634
usual;7630
link;7620
candidate;7618
track;7616
safe;7613
interested;7605
assessment;7602
merely;7596
path;7596
plus;7592
district;7574
regular;7570
reaction;7565
impact;7557
collect;7525
debate;7520
lay;7517
rise;7512
belief;7509
conclusion;7498
shape;7495
vote;7493
aim;7460
politics;7456
reply;7445
press;7438
approach;7432
file;7426
western;7421
earth;7412
public;7411
survive;7398
estate;7396
boat;7373
prison;7368
additional;7364
settle;7355
largely;7350
observe;7341
wine;7341
limit;7340
deny;7339
for;7332
straight;7327
somebody;7316
writer;7309
clothes;7308
weekend;7308
active;7290
sight;7289
video;7288
reality;7280
hall;7258
nevertheless;7236
regional;7231
vehicle;7229
worry;7224
powerful;7213
possibly;7211
cross;7210
colleague;7209
charge;7206
lead;7197
farm;7189
respond;7187
carefully;7180
employer;7180
understanding;7175
comment;7172
connection;7172
grant;7166
concentrate;7157
ignore;7152
phone;7150
hole;7135
insurance;7122
content;7116
confidence;7101
sample;7099
alone;7088
objective;7088
transport;7088
flower;7086
injury;7084
lift;7080
stick;7079
front;7078
mainly;7065
battle;7063
currently;7050
generation;7050
winter;7047
inside;7043
impossible;7036
somewhere;7026
arrange;7021
will;6995
sleep;6992
progress;6987
legislation;6974
ship;6974
volume;6974
commitment;6970
enough;6958
conflict;6956
bag;6955
fresh;6954
entry;6938
smile;6937
fair;6936
promise;6930
introduction;6925
manner;6924
senior;6924
background;6923
key;6922
touch;6920
vary;6917
sexual;6910
cabinet;6900
ordinary;6900
painting;6895
entirely;6892
engine;6883
previously;6873
administration;6865
tonight;6856
adult;6855
prefer;6854
author;6852
actual;6849
song;6846
investigation;6838
debt;6835
forest;6832
visitor;6832
repeat;6820
wood;6817
contrast;6816
extremely;6814
wage;6811
domestic;6803
commit;6783
threat;6767
bus;6761
warm;6756
sir;6750
regulation;6741
drink;6723
internal;6721
relief;6721
excellent;6717
strange;6717
run;6715
fairly;6702
technical;6701
tradition;6686
insist;6683
measure;6683
farmer;6678
his;6678
traffic;6677
until;6677
dinner;6667
consumer;6663
meal;6654
warn;6651
living;6648
package;6646
half;6639
description;6634
increasingly;6634
soft;6631
stuff;6627
award;6625
existence;6618
improvement;6616
coffee;6614
appearance;6606
standard;6588
attack;6586
sheet;6583
category;6566
distribution;6564
equally;6553
session;6545
cultural;6543
loan;6538
bind;6517
museum;6516
conversation;6515
threaten;6510
link;6509
launch;6508
proper;6504
victim;6501
audience;6500
famous;6485
master;6479
lip;6477
religious;6476
joint;6472
cry;6460
potential;6456
broad;6447
exhibition;6445
experience;6440
judge;6437
formal;6436
housing;6435
concern;6426
past;6426
freedom;6421
gentleman;6420
attract;6410
explanation;6409
appoint;6407
note;6405
chief;6402
lovely;6390
total;6390
official;6387
date;6371
demonstrate;6368
construction;6366
middle;6363
yard;6360
unable;6359
acquire;6354
crisis;6352
surely;6352
propos;6345
west;6328
impose;6313
market;6309
care;6298
god;6297
favour;6289
before;6285
name;6284
equal;6277
capacity;6272
flat;6265
alone;6262
selection;6262
football;6261
factory;6259
victory;6259
rural;6258
twice;6254
sing;6248
own;6236
whereas;6236
head;6235
examination;6232
deliver;6230
nobody;6229
invite;6222
substantial;6222
egg;6220
intention;6220
reasonable;6209
onto;6208
retain;6202
aircraft;6200
decade;6197
cheap;6196
quiet;6194
bright;6190
contribute;6186
row;6166
search;6165
limit;6155
definition;6153
unemployment;6143
mark;6139
spread;6139
flight;6132
account;6130
output;6129
last;6124
tour;6117
address;6112
immediate;6107
reduction;6106
interview;6093
assess;6088
promote;6085
everybody;6084
growing;6077
ought;6077
suitable;6077
nod;6073
reject;6064
while;6058
high;6057
dream;6050
vote;6048
divide;6044
declare;6043
detailed;6030
handle;6030
challenge;6021
notice;6015
rain;6012
destroy;6004
mountain;5998
concentration;5987
limited;5984
finance;5983
pension;5979
influence;5968
afraid;5967
murder;5961
neck;5958
hide;5954
weapon;5954
offence;5951
absence;5949
error;5945
representative;5942
enterprise;5936
criticism;5932
average;5922
quick;5920
sufficient;5917
appointment;5911
match;5908
transfer;5902
acid;5897
spring;5890
birth;5889
ear;5888
recognize;5887
recommend;5886
instruction;5882
module;5882
democratic;5880
park;5879
weather;5873
address;5872
bottle;5872
bedroom;5865
kid;5860
pleasure;5853
realize;5849
assembly;5847
expensive;5846
select;5844
desire;5843
teaching;5843
whilst;5839
contact;5833
implication;5831
combine;5825
temperature;5823
wave;5821
magazine;5813
totally;5807
mental;5803
store;5800
used;5800
frequently;5799
scientific;5799
thanks;5794
beside;5785
absolutely;5782
settlement;5782
critical;5763
recognition;5759
touch;5753
consist;5751
below;5748
silence;5747
expenditure;5746
institute;5744
dress;5738
dangerous;5730
familiar;5724
asset;5721
belong;5716
educational;5710
sum;5707
partly;5706
publication;5706
block;5705
seriously;5699
tape;5686
youth;5686
elsewhere;5684
cover;5683
fee;5680
program;5677
treaty;5672
necessarily;5670
properly;5667
unlikely;5667
guest;5665
code;5662
hill;5652
household;5644
screen;5644
sequence;5642
correct;5641
female;5640
phase;5639
crowd;5633
welcome;5626
metal;5621
human;5612
widely;5610
undertake;5604
cut;5596
sky;5594
brain;5586
expert;5580
experiment;5577
tiny;5575
perfect;5574
disappear;5560
initiative;5555
assumption;5554
photograph;5549
congress;5544
ministry;5544
reading;5540
transfer;5540
fast;5527
fast;5527
scientist;5527
closely;5521
secure;5517
solicitor;5517
thin;5517
plate;5515
pool;5513
emphasis;5512
gold;5512
recall;5511
shout;5508
generate;5501
location;5499
display;5494
heat;5492
gun;5482
shut;5476
journey;5469
imply;5467
violence;5466
dry;5465
historical;5463
step;5459
curriculum;5457
lunch;5455
noise;5455
fear;5453
succeed;5451
bottom;5441
fall;5441
initial;5434
theme;5428
characteristic;5423
pretty;5421
empty;5414
display;5406
combination;5404
interpretation;5403
rely;5402
escape;5400
score;5398
justice;5397
upper;5391
tooth;5383
cat;5377
organise;5377
tool;5376
spot;5370
bridge;5367
double;5366
conclude;5363
direct;5363
relative;5360
soldier;5353
climb;5351
breath;5347
afford;5346
urban;5344
nurse;5343
narrow;5342
liberal;5329
coal;5328
priority;5327
wild;5325
membership;5322
revenue;5322
grant;5320
approve;5312
apparent;5306
tall;5306
faith;5298
under;5287
fix;5282
slow;5279
troop;5271
motion;5269
leading;5267
component;5263
bloody;5261
literature;5260
conservative;5245
variation;5244
remind;5242
inform;5229
alternative;5228
neither;5227
mass;5224
outside;5224
busy;5221
chemical;5219
careful;5218
investigate;5212
roll;5202
instrument;5197
guide;5186
criterion;5177
pocket;5172
suggestion;5169
aye;5166
entitle;5156
tone;5153
attractive;5152
wing;5142
surprise;5139
male;5138
ring;5134
pub;5127
fruit;5118
passage;5116
illustrate;5111
pay;5110
ride;5104
foundation;5103
restaurant;5100
alternative;5098
vital;5098
burn;5091
map;5085
united;5081
device;5079
jump;5077
estimate;5072
conduct;5068
comment;5065
derive;5065
advance;5055
advise;5055
east;5055
motor;5052
satisfy;5050
hell;5049
effectively;5048
winner;5048
mistake;5045
incident;5041
focus;5036
exercise;5035
representation;5030
release;5029
border;5028
leaf;5028
wash;5027
prospect;5014
blow;5013
observation;5010
trip;5010
gather;4986
ancient;4981
brief;4977
gate;4974
elderly;4973
persuade;4970
overall;4968
circle;4967
hand;4967
index;4967
rare;4967
creation;4957
drawing;4953
anybody;4952
flow;4951
matter;4947
external;4946
capable;4943
recover;4932
shot;4924
request;4923
impression;4921
neighbour;4919
beneath;4917
theatre;4917
hurt;4914
mechanism;4913
lean;4904
potential;4904
defendant;4903
atmosphere;4902
slip;4897
chain;4890
accompany;4885
wonderful;4884
earn;4879
enemy;4872
desk;4871
engineering;4870
panel;4857
deputy;4853
distinction;4853
discipline;4848
strike;4847
married;4844
plenty;4841
establishment;4840
fashion;4839
entire;4832
milk;4832
roof;4832
finding;4829
secondary;4829
tear;4829
increased;4822
welfare;4822
attach;4821
typical;4815
meanwhile;4813
leadership;4809
walk;4808
negotiation;4807
clean;4801
count;4798
religion;4798
grey;4787
hence;4778
alright;4777
first;4772
fuel;4770
mine;4769
appeal;4764
servant;4762
liability;4756
constant;4753
hate;4752
shoe;4746
expense;4744
vast;4738
soil;4737
writing;4727
nose;4726
origin;4724
lord;4708
rest;4706
drive;4704
ticket;4703
editor;4698
northern;4692
provided;4692
switch;4692
significance;4690
channel;4676
convention;4673
damage;4672
funny;4669
bone;4665
severe;4659
search;4657
iron;4654
via;4647
vision;4647
somewhat;4638
inside;4637
trend;4636
revolution;4629
terrible;4624
knee;4621
dress;4614
steal;4612
unfortunately;4612
criminal;4602
signal;4601
comparison;4600
notion;4600
academic;4594
lawyer;4591
outcome;4591
strongly;4590
achievement;4586
explore;4586
surround;4586
odd;4584
expectation;4583
corporate;4579
prisoner;4574
question;4570
rapidly;4558
deep;4556
southern;4553
amongst;4552
withdraw;4547
afterwards;4544
paint;4539
judge;4538
citizen;4532
permanent;4530
weak;4528
separate;4518
ourselves;4515
plastic;4511
connect;4510
fundamental;4508
height;4505
plane;4505
opening;4504
lesson;4503
rail;4502
shock;4502
similarly;4502
tenant;4493
originally;4492
owe;4492
middle;4487
somehow;4483
minor;4482
knock;4481
negative;4481
root;4478
inner;4471
pursue;4471
crucial;4465
occupy;4460
independence;4459
that;4459
column;4456
proceeding;4455
female;4450
beauty;4445
perfectly;4439
struggle;4438
gap;4436
house;4435
database;4432
stress;4417
stretch;4417
boundary;4416
passenger;4416
easy;4415
view;4409
manufacturer;4408
sharp;4402
formation;4401
queen;4399
expand;4398
virtually;4398
waste;4398
contemporary;4396
back;4391
politician;4391
championship;4382
territory;4382
exception;4380
thick;4379
inquiry;4377
topic;4376
resident;4375
transaction;4374
parish;4373
supporter;4367
massive;4360
light;4357
unique;4352
challenge;4351
inflation;4350
assistance;4344
identity;4342
list;4342
suit;4341
parliamentary;4337
unknown;4333
preparation;4332
badly;4329
elect;4329
moreover;4327
tie;4324
cancer;4323
champion;4318
exclude;4317
breakfast;4314
licence;4314
review;4314
minority;4313
appreciate;4312
fan;4311
chief;4307
accommodation;4305
subsequent;4303
democracy;4302
brown;4300
taste;4295
crown;4290
permit;4289
buyer;4285
gift;4283
angry;4282
resolution;4282
metre;4277
clause;4272
wheel;4272
break;4271
tank;4263
benefit;4262
engage;4258
alive;4254
complaint;4252
firm;4250
inch;4250
abandon;4249
blame;4248
clean;4246
quote;4241
yours;4239
quantity;4238
rule;4234
guilty;4233
prior;4224
round;4213
coat;4212
eastern;4212
involvement;4211
tension;4209
diet;4201
enormous;4196
score;4195
rarely;4190
prize;4187
remaining;4180
significantly;4179
dominate;4177
glance;4177
trust;4174
interpret;4172
naturally;4172
frame;4163
land;4163
extension;4161
mix;4155
spokesman;4153
acknowledge;4151
friendly;4151
regime;4150
register;4150
fault;4149
mine;4148
dispute;4146
grass;4143
quietly;4140
decline;4139
complain;4135
delivery;4135
dismiss;4135
conservative;4134
shift;4131
beach;4125
port;4125
string;4121
depth;4120
travel;4118
unusual;4118
obligation;4117
pilot;4117
gene;4112
yellow;4111
republic;4110
shadow;4108
analyse;4106
dear;4106
anywhere;4105
average;4104
crew;4103
long-term;4103
phrase;4103
lucky;4101
restore;4094
convince;4083
coast;4081
engineer;4080
heavily;4079
extensive;4078
glad;4075
charity;4073
oppose;4070
defend;4065
alter;4061
arrest;4059
warning;4059
framework;4052
approval;4050
bother;4048
accuse;4047
novel;4047
surprised;4042
currency;4041
moral;4038
possess;4038
restrict;4038
protein;4037
distinguish;4033
gently;4030
incorporate;4027
reckon;4027
proceed;4022
assist;4021
stress;4018
sure;4018
justify;4015
behalf;4012
councillor;4011
setting;4006
command;4004
maintenance;4001
poem;3997
stair;3997
chest;3996
like;3990
secret;3986
efficient;3984
restriction;3984
suspect;3983
hat;3981
tough;3980
firmly;3979
willing;3973
focus;3972
healthy;3972
construct;3967
occasionally;3963
mode;3962
camp;3957
comfortable;3957
saving;3957
trade;3954
export;3951
partnership;3950
wake;3950
daily;3947
abroad;3941
profession;3939
countryside;3933
load;3933
boot;3930
mostly;3928
implement;3924
sudden;3924
print;3923
reputation;3923
calculate;3922
guess;3920
keen;3920
autumn;3917
recommendation;3917
conventional;3916
constitute;3913
cope;3913
poll;3901
voluntary;3894
valuable;3886
cast;3882
recovery;3882
premise;3881
resolve;3880
regularly;3871
solve;3868
plaintiff;3863
critic;3859
agriculture;3858
ice;3856
constitution;3854
communist;3852
layer;3845
recession;3842
slight;3841
dramatic;3837
golden;3835
suit;3833
temporary;3833
shortly;3828
initially;3824
arrival;3815
protest;3809
resistance;3799
presentation;3798
silent;3798
soul;3796
feed;3795
judgment;3795
self;3795
muscle;3792
opposite;3790
shareholder;3790
pollution;3789
wealth;3786
video-taped;3782
kingdom;3781
bread;3780
perspective;3779
camera;3775
illness;3774
prince;3774
cake;3773
meat;3772
ideal;3771
submit;3771
relax;3768
penalty;3766
purchase;3764
beer;3762
tired;3762
specify;3760
electricity;3758
monitor;3758
short;3758
specifically;3755
bond;3753
laboratory;3748
statutory;3748
federal;3745
captain;3744
deeply;3741
boss;3739
pour;3739
creature;3738
urge;3735
locate;3733
being;3732
struggle;3729
flat;3727
lifespan;3727
valley;3716
like;3712
guard;3708
emergency;3707
dark;3706
bomb;3703
dollar;3700
efficiency;3698
convert;3696
mood;3696
possession;3691
marketing;3690
please;3689
habit;3680
subsequently;3677
round;3672
purchase;3671
sort;3665
gradually;3654
outside;3654
expansion;3652
competitive;3651
co-operation;3648
acceptable;3647
angle;3644
cook;3642
net;3637
sensitive;3636
ratio;3635
amount;3633
kiss;3633
sleep;3632
essentially;3631
finance;3631
fund;3630
preserve;3629
personality;3621
wedding;3621
bishop;3620
dependent;3619
landscape;3614
lock;3613
mirror;3613
pure;3613
promotion;3612
symptom;3612
global;3608
aside;3607
tendency;3606
conservation;3603
reply;3601
estimate;3599
governor;3598
pack;3598
qualification;3598
expected;3594
alright;3592
cycle;3592
invest;3592
gallery;3590
philosophy;3590
sad;3588
intervention;3585
emotional;3583
advertising;3582
cigarette;3579
dance;3579
regard;3579
predict;3578
adequate;3571
variable;3564
net;3563
retire;3560
frequency;3556
pale;3556
sugar;3556
guy;3551
feature;3550
furniture;3549
administrative;3548
wooden;3547
input;3542
phenomenon;3541
actor;3540
jacket;3540
surprising;3540
kick;3539
producer;3538
hearing;3536
chip;3535
certificate;3533
equation;3533
hello;3530
remarkable;3525
alliance;3518
awareness;3516
smoke;3516
throat;3514
discovery;3512
festival;3511
dance;3503
promise;3502
rose;3500
brilliant;3498
principal;3498
proposed;3494
absolute;3489
coach;3489
drama;3488
precisely;3486
recording;3486
bath;3484
celebrate;3481
substance;3480
for;3474
swing;3474
rapid;3471
rough;3470
investor;3467
fire;3464
rank;3463
compete;3461
sweet;3460
decline;3459
dealer;3457
rent;3457
bend;3453
solid;3450
cloud;3448
across;3439
level;3434
enquiry;3430
fight;3429
abuse;3428
golf;3426
guitar;3423
cottage;3422
electronic;3422
pause;3419
scope;3419
emotion;3418
mixture;3418
comprehensive;3415
shirt;3414
allowance;3411
breach;3407
retirement;3407
infection;3405
resist;3402
paragraph;3401
qualify;3401
sick;3400
near;3399
researcher;3396
consent;3394
written;3390
ill;3385
literary;3385
wet;3384
lake;3383
entrance;3375
peak;3374
successfully;3373
breathe;3372
sand;3372
cold;3371
cheek;3368
platform;3366
interaction;3361
need;3356
watch;3354
borrow;3353
birthday;3352
extreme;3350
knife;3350
core;3346
peasant;3345
armed;3344
permission;3343
overcome;3339
supreme;3339
greatly;3335
visual;3334
lad;3331
genuine;3330
personnel;3325
exciting;3323
judgement;3323
stream;3321
guarantee;3320
perception;3320
disaster;3318
darkness;3317
bid;3316
organize;3309
sake;3309
policeman;3306
tourist;3306
castle;3305
figure;3301
race;3295
demonstration;3294
anger;3291
briefly;3280
clock;3279
presumably;3279
custom;3276
expose;3276
hero;3276
maximum;3263
wish;3261
earning;3260
priest;3256
resign;3255
store;3253
comprise;3247
widespread;3247
acquisition;3245
chamber;3245
involved;3244
confident;3242
circuit;3236
radical;3233
detect;3231
stupid;3230
consumption;3228
grand;3228
hold;3227
mean;3223
zone;3223
altogether;3218
numerous;3216
rush;3216
classical;3215
everywhere;3215
sink;3215
respectively;3213
distinct;3212
honour;3210
mad;3210
statistics;3209
false;3206
differ;3204
square;3204
disk;3202
truly;3201
proud;3200
survival;3200
deposit;3198
tower;3198
adviser;3191
compensation;3191
pace;3191
consultant;3184
advanced;3183
drag;3183
landlord;3180
whenever;3179
delay;3174
car;3170
green;3170
holder;3169
secret;3167
edition;3166
occupation;3165
agricultural;3162
intelligence;3160
definitely;3159
empire;3159
host;3158
negotiate;3158
relative;3157
fellow;3155
helpful;3155
mass;3155
sweep;3154
poet;3153
defeat;3145
journalist;3145
unlike;3144
primarily;3137
cricket;3132
dry;3132
indication;3132
tight;3132
whisper;3131
anxiety;3129
print;3129
routine;3129
witness;3127
concerning;3124
mill;3122
gentle;3120
curtain;3119
mission;3118
supplier;3117
assure;3116
basically;3116
poverty;3115
snow;3112
pipe;3111
prayer;3111
deserve;3109
shift;3108
near;3107
split;3107
carpet;3104
consistent;3104
joke;3102
ownership;3102
fewer;3101
workshop;3099
aged;3096
salt;3096
symbol;3093
slide;3091
cross;3090
anxious;3088
tale;3086
preference;3085
inevitably;3084
mere;3083
behave;3082
gain;3081
guide;3079
nervous;3079
pleased;3076
remark;3076
province;3074
steel;3070
flow;3069
practise;3069
holy;3067
alcohol;3066
dose;3066
constantly;3061
guidance;3061
climate;3060
enhance;3059
reasonably;3057
waste;3056
smooth;3055
dominant;3054
conscious;3052
formula;3049
tail;3046
electric;3044
ha;3044
sheep;3043
medicine;3040
strategic;3039
disabled;3038
smell;3037
mount;3036
operator;3036
advance;3032
measurement;3025
remote;3025
favour;3019
architecture;3018
neither;3018
tie;3015
worth;3015
barrier;3011
enthusiasm;3010
outstanding;3010
practitioner;3010
theoretical;3008
implementation;3006
worried;3005
pitch;3003
drop;3002
phone;3001
clinical;2998
shape;2998
lane;2997
apple;2996
catalogue;2994
opponent;2993
publisher;2993
tip;2993
live;2989
burden;2988
bury;2987
historian;2987
tackle;2987
stomach;2985
percentage;2984
evaluation;2983
outline;2981
lend;2980
talent;2980
silver;2977
fun;2976
pack;2976
democrat;2975
fortune;2973
storage;2970
professional;2969
reserve;2967
interval;2963
dimension;2961
awful;2960
honest;2960
confusion;2955
manufacture;2955
impressive;2948
pink;2948
satisfaction;2942
vessel;2940
visible;2940
curve;2939
stand;2939
pot;2936
replacement;2931
accurate;2928
mortgage;2927
constitutional;2926
impress;2926
salary;2926
developing;2922
emphasise;2922
proof;2921
furthermore;2918
dish;2917
interview;2915
considerably;2914
distant;2913
favourite;2912
lower;2912
tear;2911
fixed;2909
by;2898
count;2895
luck;2895
precise;2892
determination;2891
bite;2885
consultation;2884
dear;2884
range;2882
capture;2881
conduct;2881
residential;2881
cheque;2879
ultimately;2879
economics;2877
sustain;2872
secondly;2871
silly;2869
merchant;2868
lecture;2867
check;2866
leisure;2866
musical;2866
cheese;2864
lift;2861
fabric;2860
participate;2860
distribute;2856
lover;2855
childhood;2853
cool;2852
ban;2851
supposed;2847
mouse;2844
specialist;2842
strain;2842
consult;2840
approximately;2837
minimum;2837
participant;2836
monetary;2833
confuse;2830
dare;2825
smoke;2823
movie;2822
cease;2821
seed;2821
open;2819
journal;2818
shopping;2816
equivalent;2815
exceed;2814
palace;2814
isolated;2813
perceive;2811
poetry;2811
lack;2810
readily;2805
snap;2805
strengthen;2805
spite;2802
conviction;2801
corridor;2798
behind;2795
ward;2793
bathroom;2792
comfort;2792
fat;2792
profile;2792
shell;2791
deliberately;2789
reward;2789
automatically;2787
vegetable;2786
imagination;2784
junior;2783
mystery;2781
unemployed;2781
pose;2778
march;2775
violent;2775
found;2773
dig;2772
dirty;2769
psychological;2768
straight;2768
grab;2767
pleasant;2766
surgery;2764
inevitable;2763
transform;2762
announcement;2758
bell;2758
draft;2757
airport;2756
unity;2756
upset;2754
plant;2752
pretend;2752
till;2745
known;2744
admission;2742
magistrate;2741
tissue;2741
joy;2740
free;2737
pretty;2736
classroom;2735
grateful;2735
headquarters;2735
operating;2735
turnover;2733
project;2732
limitation;2729
sensible;2729
shrug;2729
specialist;2728
newly;2724
tongue;2723
delay;2721
refugee;2721
alongside;2720
composition;2720
dream;2720
ceiling;2715
highlight;2714
stick;2713
favourite;2711
tap;2710
request;2709
universe;2709
label;2705
confine;2704
rid;2703
scream;2703
acceptance;2702
detective;2700
sail;2698
adjust;2697
designer;2695
running;2692
participation;2690
summit;2690
block;2688
weakness;2688
adapt;2687
so-called;2687
absorb;2684
encounter;2683
defeat;2680
brick;2675
excitement;2675
blind;2674
wire;2672
crop;2667
square;2663
protest;2660
thereby;2660
transition;2660
roll;2658
stop;2656
assistant;2655
constituency;2653
deaf;2653
continuous;2649
breast;2648
concert;2648
extraordinary;2646
squad;2645
wonder;2640
cream;2638
personally;2635
tennis;2635
communicate;2634
pride;2633
bowl;2631
expertise;2629
file;2629
govern;2626
leather;2625
observer;2624
margin;2623
uncertainty;2621
reinforce;2620
ideal;2619
injure;2617
holding;2611
dust;2609
evident;2609
universal;2609
desperate;2608
overseas;2608
swim;2607
occasional;2602
surprisingly;2586
trouser;2586
register;2585
album;2581
guideline;2579
amendment;2574
disturb;2574
architect;2572
objection;2569
chart;2567
cattle;2566
doubt;2565
react;2564
consciousness;2563
purely;2562
right;2562
tin;2559
fulfil;2557
tube;2557
commonly;2554
coin;2552
sufficiently;2552
frighten;2551
diary;2549
grammar;2549
flesh;2548
infant;2547
summary;2547
stir;2543
mail;2542
storm;2542
rugby;2541
virtue;2539
paint;2536
psychology;2536
specimen;2536
constraint;2535
privilege;2533
trace;2533
completion;2532
grade;2525
hers;2525
progress;2525
exploit;2524
import;2521
potato;2518
passion;2516
repair;2516
low;2515
seize;2515
underlying;2513
heaven;2512
nerve;2511
park;2510
collapse;2508
win;2506
printer;2504
button;2503
coalition;2503
pray;2501
ultimate;2500
timber;2497
venture;2497
companion;2494
horror;2493
gesture;2490
moon;2488
remark;2487
clever;2486
van;2485
consequently;2481
broken;2479
glance;2479
raw;2479
gaze;2477
jury;2477
burst;2476
charter;2475
discourse;2474
feminist;2474
reflection;2472
carbon;2470
ban;2468
sophisticated;2468
taxation;2467
prosecution;2464
aids;2463
asleep;2463
softly;2463
departure;2461
publicity;2461
welcome;2460
cousin;2459
reception;2459
sharply;2459
linguistic;2457
relieve;2457
forward;2456
vat;2456
blue;2455
multiple;2454
pass;2452
outer;2448
evolution;2447
patient;2447
vulnerable;2447
allocate;2445
creative;2444
potentially;2437
just;2436
judicial;2433
out;2433
risk;2430
ideology;2429
agenda;2427
smell;2427
chicken;2426
illegal;2426
transport;2426
innovation;2425
plain;2425
opera;2422
lock;2421
grin;2420
pole;2419
shelf;2419
punishment;2418
strict;2417
wave;2415
inside;2414
carriage;2410
fit;2406
conversion;2404
hurry;2403
essay;2401
integration;2399
resignation;2398
treasury;2397
traveller;2396
assault;2395
chocolate;2395
schedule;2394
format;2393
twin;2393
undoubtedly;2393
murder;2390
sigh;2388
lease;2387
seller;2387
bitter;2384
ally;2381
double;2381
stake;2380
cap;2379
flexible;2379
informal;2379
processing;2379
stable;2378
sympathy;2377
till;2377
tunnel;2376
pen;2374
instal;2373
blow;2372
suspend;2372
notably;2370
wander;2370
disappoint;2368
wipe;2367
attraction;2366
folk;2366
disc;2365
inspire;2364
machinery;2363
inspector;2362
nowhere;2362
undergo;2362
balance;2361
wise;2361
purchaser;2360
resort;2359
pop;2358
ease;2357
organ;2357
deficit;2353
friendship;2353
convey;2351
dear;2351
reserve;2349
frequent;2348
planet;2348
intense;2347
loose;2347
retail;2346
wind;2345
grain;2344
lost;2344
particle;2342
destruction;2341
witness;2339
pit;2338
conception;2337
registration;2337
rival;2336
steady;2336
back;2335
steam;2335
chancellor;2332
crash;2329
belt;2328
logic;2326
confront;2325
premium;2325
precede;2324
experimental;2323
alarm;2322
incentive;2321
rational;2321
bench;2320
roughly;2320
ambition;2319
inadequate;2319
regarding;2319
wrap;2319
since;2318
fate;2317
anticipate;2316
increasing;2316
spiritual;2316
stranger;2316
vendor;2316
logical;2315
fibre;2312
attribute;2311
black;2310
sense;2310
maker;2309
petrol;2309
generous;2307
allocation;2305
declaration;2302
depression;2302
bottom;2301
modest;2301
spot;2301
devote;2300
dividend;2300
condemn;2297
integrate;2296
acute;2294
identification;2294
pile;2294
barely;2293
bet;2292
directive;2292
providing;2292
bare;2291
modify;2291
final;2290
swear;2290
accordingly;2288
valid;2286
wherever;2285
medium;2282
mortality;2282
funeral;2280
silk;2280
cow;2278
depending;2278
cite;2277
correspond;2277
classic;2273
calculation;2271
inspection;2271
rubbish;2266
hypothesis;2264
minimum;2264
slope;2260
youngster;2260
invitation;2257
patch;2257
ethnic;2256
federation;2255
duke;2253
closure;2249
wholly;2249
dictionary;2248
automatic;2245
withdrawal;2245
cry;2244
liable;2244
borough;2243
slow;2243
suspicion;2241
well;2241
fragment;2240
jew;2240
local;2240
portrait;2240
evaluate;2238
revolutionary;2238
competitor;2234
sole;2232
reliable;2231
weigh;2230
clinic;2228
medieval;2228
shine;2227
knit;2226
complexity;2225
bike;2224
fence;2224
remedy;2224
eliminate;2219
freeze;2219
established;2218
intellectual;2218
interior;2218
garage;2217
voter;2217
era;2216
pregnant;2215
plot;2214
electrical;2212
greet;2212
disorder;2211
lie;2211
excuse;2206
formally;2206
cancel;2205
socialist;2205
excess;2202
harm;2202
exact;2201
oblige;2200
accountant;2199
mutual;2198
fat;2192
laughter;2190
volunteer;2190
trick;2187
disposal;2185
load;2185
murmur;2184
taxi;2184
tonne;2182
clerk;2181
spell;2181
curious;2180
applicant;2179
identical;2179
satisfactory;2179
removal;2178
processor;2177
cotton;2172
hesitate;2171
reverse;2171
admire;2168
professor;2168
namely;2164
electoral;2162
delight;2161
exposure;2160
mate;2160
prompt;2160
urgent;2160
distinctive;2157
server;2157
marginal;2154
structural;2153
rope;2151
acre;2150
entertainment;2150
miner;2150
encouraging;2149
pig;2149
guarantee;2148
gear;2146
anniversary;2144
ceremony;2142
past;2142
left;2141
monopoly;2141
rub;2141
flee;2140
above;2139
discount;2139
yield;2139
advertisement;2136
audit;2136
uncle;2136
contrary;2135
explosion;2135
tribunal;2134
swallow;2133
fun;2131
typically;2131
cloth;2130
rat;2130
cable;2129
crash;2127
interrupt;2127
controversy;2126
flame;2126
allegation;2124
everyday;2124
rabbit;2124
stability;2123
strip;2123
tide;2122
illustration;2121
insect;2120
correspondent;2118
brush;2115
determined;2115
devise;2115
adjustment;2114
controversial;2110
escape;2109
organic;2109
collapse;2107
historic;2107
interface;2107
thoroughly;2107
shade;2105
temple;2105
craft;2104
nursery;2103
desirable;2102
piano;2102
assurance;2100
advertise;2099
jurisdiction;2099
bay;2097
disability;2096
specification;2096
arrest;2095
presidential;2095
unexpected;2091
penny;2089
switch;2089
celebration;2087
respect;2087
aid;2086
gross;2086
process;2085
superb;2085
innocent;2083
colony;2078
leap;2078
wound;2077
hardware;2076
bible;2075
float;2075
satellite;2075
statistical;2074
hire;2073
marked;2073
cathedral;2072
correct;2070
motive;2070
gastric;2068
raid;2067
comply;2066
accommodate;2065
induce;2064
mutter;2064
trap;2059
bulk;2056
humour;2056
invasion;2056
traditionally;2054
commission;2053
upstairs;2052
collective;2051
emission;2051
rhythm;2051
translate;2051
battery;2050
transformation;2050
naked;2049
stimulus;2049
white;2047
menu;2046
butter;2044
toilet;2044
effectiveness;2043
needle;2043
surprise;2043
accordance;2042
fiction;2041
molecule;2041
learning;2040
statute;2038
junction;2037
overlook;2037
reluctant;2037
experienced;2036
nearby;2036
necessity;2036
lorry;2035
exclusive;2031
graphics;2030
stimulate;2029
therapy;2028
warmth;2028
convenient;2027
cinema;2026
domain;2025
tournament;2024
doctrine;2020
proposition;2018
sheer;2018
grip;2017
bloody;2016
discrimination;2016
widow;2016
fit;2013
ruling;2013
assert;2012
drift;2012
episode;2012
myth;2012
nonetheless;2012
terrace;2008
uncertain;2007
twist;2004
insight;2003
tragedy;2001
undermine;2001
criticise;2000
enforce;2000
leaflet;1999
march;1999
fellow;1998
object;1997
pond;1994
adventure;1993
diplomatic;1992
mixed;1991
equity;1990
rebel;1990
literally;1989
loyalty;1988
magnificent;1988
tremendous;1987
airline;1982
restoration;1981
shore;1981
physically;1980
render;1979
emphasize;1978
institutional;1978
commander;1977
mess;1977
singer;1975
straightforward;1975
breed;1974
full-time;1974
squeeze;1974
successor;1973
heading;1971
triumph;1971
mathematics;1969
clue;1968
laugh;1968
ease;1966
still;1966
biological;1965
specially;1965
forgive;1963
chase;1962
fraction;1962
photo;1962
trustee;1962
mud;1961
whereby;1961
copy;1960
functional;1960
pensioner;1960
await;1958
desperately;1958
strictly;1958
coverage;1957
indicator;1956
wildlife;1956
lightly;1954
hierarchy;1952
evolve;1949
mechanical;1948
expert;1947
capitalist;1946
creditor;1946
compose;1945
essence;1945
mentally;1943
gaze;1942
seminar;1941
continent;1940
fig;1940
label;1940
target;1940
chap;1939
flexibility;1937
minute;1936
verse;1936
equivalent;1935
whisky;1935
echo;1934
recruit;1934
bush;1933
cupboard;1933
launch;1933
unfair;1933
command;1932
merger;1932
prominent;1932
shortage;1932
subtle;1931
capital;1930
fish;1929
gang;1929
lifetime;1928
unhappy;1928
elite;1927
aggressive;1925
finish;1925
refusal;1925
exchange;1924
landing;1924
superior;1924
debate;1923
educate;1921
initiate;1920
productivity;1920
separation;1920
probability;1919
virus;1918
fool;1917
reporter;1917
capitalism;1916
pop;1916
painful;1915
complex;1914
correctly;1914
imperial;1913
rumour;1913
availability;1912
justification;1912
spectacular;1911
remain;1910
ocean;1909
cliff;1908
sociology;1907
missile;1902
sadly;1902
apartment;1901
artificial;1901
situate;1901
oral;1898
provoke;1898
angel;1897
maximum;1897
shame;1896
spare;1896
businessman;1895
discretion;1895
intelligent;1895
book;1894
explicit;1894
counter;1893
push;1893
uniform;1893
clothing;1892
hungry;1892
objective;1892
subject;1892
ride;1890
attendance;1889
romantic;1889
part-time;1888
backing;1887
trace;1887
carrier;1886
sensation;1886
beg;1885
classic;1885
classification;1885
interest;1885
appendix;1884
density;1881
doorway;1881
working-class;1880
hint;1879
legislative;1879
current;1878
shower;1878
nasty;1877
succession;1877
duration;1876
desert;1875
chapel;1874
native;1874
receipt;1874
amazing;1873
comparable;1872
fleet;1872
hopefully;1872
developer;1870
installation;1870
oxygen;1870
disadvantage;1869
crystal;1868
recipe;1868
modification;1867
midnight;1866
schedule;1866
formerly;1865
successive;1865
loud;1864
value;1863
physics;1862
kiss;1861
stroke;1861
truck;1861
envelope;1860
speculation;1859
canal;1858
unionist;1857
directory;1856
chemistry;1855
fade;1855
isolation;1855
receiver;1855
hit;1853
unnecessary;1853
defender;1852
realistic;1851
sin;1851
stance;1851
socialist;1850
content;1849
subsidy;1849
darling;1848
toy;1848
decent;1847
forever;1846
liberty;1846
coordinate;1845
skirt;1845
accent;1842
import;1842
influential;1842
tactic;1842
bastard;1841
compound;1841
dull;1840
ingredient;1840
cater;1837
faint;1835
scholar;1835
ghost;1833
diagnosis;1832
ridiculous;1832
sculpture;1832
delegate;1830
kit;1829
neat;1829
dialogue;1828
lion;1828
repair;1827
tray;1826
fantasy;1825
leave;1824
export;1823
forth;1822
lamp;1821
allege;1820
brand;1819
pavement;1819
compromise;1817
constable;1817
flag;1816
filter;1815
execute;1814
reign;1814
merit;1811
pity;1811
diagram;1810
elegant;1809
organism;1809
wool;1809
red;1808
lesser;1807
undertaking;1807
improved;1806
marvellous;1806
reach;1806
entity;1805
locally;1805
rape;1804
backwards;1802
descend;1802
secure;1802
excuse;1801
peer;1801
genetic;1800
fold;1799
consensus;1798
portfolio;1798
shop;1796
thesis;1796
administer;1795
builder;1795
frown;1795
nest;1795
delegation;1794
lung;1794
tip;1794
heating;1793
outside;1793
like;1792
instinct;1791
lonely;1790
teenager;1790
extract;1789
radiation;1789
residence;1789
autonomy;1788
concession;1788
graduate;1787
musician;1787
norm;1787
bear;1786
glory;1786
persist;1785
equip;1784
rescue;1784
capability;1783
officially;1783
partial;1783
liberation;1782
worry;1782
daily;1781
hunt;1781
contract;1780
heel;1780
assign;1778
update;1778
single;1777
spring;1777
commons;1776
happily;1775
pregnancy;1775
stretch;1775
weekly;1775
interfere;1773
spectrum;1773
damp;1771
intensive;1771
invent;1771
panic;1771
suicide;1771
giant;1770
simultaneously;1770
casual;1769
precious;1768
sphere;1768
bean;1767
envisage;1767
sword;1767
changing;1766
crazy;1766
time;1766
besides;1765
concede;1765
primary;1765
severely;1763
unite;1763
insert;1762
instruct;1762
separately;1762
exhibit;1761
go;1761
brave;1760
tune;1757
tutor;1757
bid;1756
continued;1756
debut;1756
cafe;1755
downstairs;1755
incidence;1755
delicate;1754
killer;1754
regret;1754
subsidiary;1752
entertain;1751
gender;1751
cling;1750
fetch;1748
vertical;1748
strip;1747
assistant;1745
breed;1745
duck;1745
plead;1745
abolish;1744
pint;1744
excessive;1743
line;1743
princess;1743
translation;1743
digital;1742
steep;1741
grave;1740
hey;1740
jet;1740
boost;1739
exceptional;1739
correlation;1738
random;1738
intervene;1737
outline;1737
motivation;1735
packet;1735
safely;1734
harsh;1732
spell;1730
draw;1729
spread;1729
alleged;1728
complicated;1728
concrete;1728
crack;1727
intensity;1727
progressive;1727
redundancy;1727
fly;1725
fancy;1724
alternatively;1723
resemble;1721
scandal;1721
waiting;1721
fierce;1720
parameter;1720
colour;1719
tropical;1719
engagement;1717
ours;1717
contest;1716
courage;1715
edit;1715
delighted;1714
hip;1714
carer;1713
sponsor;1713
crack;1712
occupational;1711
substantially;1711
trainer;1710
inherit;1708
related;1708
remainder;1708
assignment;1707
resume;1707
conceal;1705
disclose;1704
exclusively;1703
working;1701
mild;1700
chronic;1699
function;1698
splendid;1698
clay;1697
rider;1697
conceive;1696
firstly;1696
politically;1695
terminal;1693
accuracy;1692
ambulance;1690
coup;1690
living;1688
offender;1687
brush;1686
orchestra;1686
similarity;1686
striker;1685
systematic;1685
casualty;1684
guard;1684
banking;1681
handsome;1681
opt;1681
painter;1681
steadily;1681
disappointment;1680
fascinating;1680
navy;1680
sensitivity;1680
auditor;1679
hostility;1678
scarcely;1675
spending;1675
compulsory;1674
ideological;1672
neighbourhood;1672
ok;1672
photographer;1672
pardon;1671
wide;1671
criticize;1670
double;1670
supervision;1669
deck;1667
guilt;1667
payable;1666
execution;1665
elected;1664
suite;1664
collector;1663
moral;1663
solely;1663
couple;1662
flavour;1662
questionnaire;1662
faculty;1661
tour;1660
basket;1658
drain;1657
horizon;1657
kick;1657
mention;1657
copper;1656
estimated;1656
fighter;1656
happiness;1656
legend;1655
continental;1654
decorate;1654
relevance;1654
incur;1652
operational;1652
ship;1652
parallel;1651
divorce;1650
opposed;1649
equilibrium;1648
can;1647
ton;1647
trader;1647
forum;1646
juice;1646
research;1645
spin;1645
consistently;1644
hostile;1644
diamond;1642
medal;1642
nightmare;1642
technological;1642
speed;1641
accounting;1640
peaceful;1640
horrible;1639
monster;1639
scatter;1639
accessible;1637
chaos;1637
nonsense;1637
advocate;1636
bureau;1636
chin;1636
frustration;1636
humanity;1636
evil;1635
inhabitant;1635
polytechnic;1635
slave;1634
reservation;1632
handle;1628
slam;1628
facilitate;1627
fishing;1627
provincial;1627
bye;1626
elbow;1626
yield;1626
sleeve;1625
warm;1625
adjacent;1624
creep;1624
exploration;1624
grace;1623
round;1623
theft;1623
predecessor;1622
arrow;1621
assemble;1621
clash;1621
regulate;1621
sergeant;1621
smart;1621
supermarket;1621
giant;1620
nowadays;1620
shit;1619
tap;1619
waiting;1619
sandwich;1616
commerce;1615
vanish;1615
post-war;1614
pursuit;1614
collar;1611
waste;1611
will;1611
exclusion;1610
rice;1610
skill;1610
socialism;1610
transmission;1609
upwards;1609
forthcoming;1608
instantly;1608
appointed;1606
abstract;1605
fist;1605
geographical;1605
drawer;1604
dynamic;1604
embrace;1604
dismissal;1603
broadly;1602
definite;1602
endless;1602
magic;1602
affection;1601
dawn;1600
principal;1599
bloke;1597
organiser;1596
trap;1595
communist;1594
competence;1593
complicate;1592
breakdown;1591
commonwealth;1591
fortunately;1591
neutral;1591
combined;1590
candle;1589
supper;1588
venue;1588
analyst;1586
vague;1585
publicly;1584
fair;1583
marine;1583
counterpart;1581
freely;1581
notable;1581
pause;1581
lively;1577
script;1576
geography;1575
legitimate;1575
sue;1575
contemplate;1574
gay;1574
lamb;1574
moving;1574
reproduce;1574
founder;1573
stable;1573
terror;1573
signal;1571
utility;1571
shelter;1570
hitherto;1568
poster;1568
cooking;1567
mature;1567
head;1566
age;1565
confess;1565
fucking;1565
wealthy;1565
jaw;1564
magic;1564
miracle;1564
coloured;1562
pan;1562
reduced;1561
telephone;1561
tent;1561
dump;1560
funding;1560
super;1560
tumour;1560
shared;1559
stitch;1559
keeper;1558
ladder;1558
endorse;1557
invariably;1556
heat;1555
shield;1555
smash;1555
centre;1554
surgeon;1554
artistic;1553
classify;1553
comedy;1553
explode;1553
orange;1553
biscuit;1552
ruler;1552
cure;1551
manual;1551
prey;1551
workstation;1551
overall;1549
pope;1548
tax;1548
tighten;1548
adult;1547
manufacturing;1547
rush;1546
blanket;1545
adoption;1544
devil;1544
mix;1544
nearby;1544
palm;1544
referendum;1544
republican;1544
segment;1543
workforce;1543
contractor;1542
regardless;1542
cook;1541
deposit;1541
differently;1541
portion;1541
beam;1540
fraud;1540
liver;1540
matrix;1540
oven;1540
prediction;1540
limb;1538
signature;1538
verdict;1537
aunt;1536
container;1536
dramatically;1536
dock;1535
submission;1534
arm;1533
certainty;1532
odd;1532
boring;1531
electron;1530
drum;1529
antibody;1528
wisdom;1528
alteration;1527
circulation;1527
post;1527
terrorist;1527
unlike;1527
ambitious;1526
fluid;1526
socially;1525
fox;1524
petition;1524
riot;1524
recruitment;1523
service;1522
top;1522
well-known;1522
flood;1519
memorial;1518
taste;1518
correspondence;1517
helicopter;1517
beef;1516
ye;1516
harbour;1515
lighting;1515
overall;1515
empirical;1514
shallow;1513
constituent;1512
decrease;1512
seal;1512
exam;1511
reward;1510
toe;1510
bureaucracy;1509
thrust;1509
nut;1508
wrist;1508
magnetic;1507
plain;1507
evil;1506
dispose;1505
hazard;1505
widen;1505
absent;1504
dealing;1504
initial;1502
inn;1502
model;1502
reassure;1502
over;1501
respondent;1501
suspension;1501
advisory;1500
log;1500
monthly;1500
naval;1500
blank;1499
fitness;1499
indirect;1498
economist;1497
rally;1497
tile;1497
disturbance;1496
strand;1496
vein;1496
coming;1495
seldom;1495
stuff;1495
cab;1494
actively;1493
destination;1493
flash;1493
grandfather;1493
closed;1492
regiment;1492
boom;1491
handful;1490
awkward;1489
encouragement;1489
remarkably;1489
defect;1488
flood;1488
required;1488
champagne;1487
surplus;1487
liquid;1486
shed;1485
discipline;1484
rejection;1484
welcome;1484
administrator;1483
electronics;1483
halt;1483
contradiction;1482
ill;1482
sentence;1482
nail;1481
colonial;1479
lacking;1479
senior;1479
primitive;1476
commodity;1475
lap;1475
whoever;1475
coincide;1474
imprisonment;1474
intellectual;1474
planned;1474
atom;1473
sympathetic;1473
dissolve;1472
favourable;1472
praise;1472
sanction;1472
tempt;1472
abortion;1471
encounter;1471
soup;1471
surrounding;1471
tightly;1471
charm;1470
composer;1470
custody;1470
grasp;1470
metropolitan;1469
short-term;1469
equality;1468
waist;1468
auction;1466
bearing;1466
tribute;1466
barn;1465
horn;1465
manufacture;1465
standing;1465
emperor;1464
mayor;1464
commence;1462
conscience;1462
integrated;1462
rescue;1462
discharge;1461
grandmother;1461
profound;1460
nationalist;1459
takeover;1459
dolphin;1458
effect;1458
elephant;1457
fortnight;1457
seal;1456
breeze;1455
forwards;1455
plea;1455
spoil;1455
prevention;1454
mineral;1453
runner;1452
integrity;1451
pin;1451
thereafter;1450
owl;1449
quid;1449
draft;1448
orange;1448
rigid;1448
associated;1447
formulate;1447
hedge;1447
reportedly;1447
position;1446
thief;1445
exhaust;1444
tomato;1444
eagle;1443
evidently;1443
blade;1442
resulting;1442
specified;1442
bowel;1441
desktop;1441
killing;1441
peculiar;1441
long;1440
expedition;1438
ugly;1438
saint;1437
variable;1435
enquire;1434
enthusiastic;1434
faction;1434
slide;1434
stamp;1434
supplement;1434
brass;1433
eager;1432
inequality;1432
bold;1430
neglect;1429
saying;1428
earl;1427
ridge;1427
extended;1426
missing;1426
suck;1426
yacht;1426
beat;1425
delight;1425
valuation;1425
diminish;1424
fossil;1424
worship;1424
accurately;1423
corruption;1423
taxpayer;1423
depict;1421
honour;1421
drown;1420
pencil;1420
applicable;1419
lump;1419
stem;1419
goodness;1418
immense;1418
mobility;1418
rate;1418
graph;1417
preliminary;1417
price;1417
calm;1416
referee;1416
omit;1415
onwards;1415
excite;1414
genuinely;1414
cave;1413
dreadful;1413
erect;1412
grief;1412
revelation;1412
barrel;1411
meantime;1411
tuck;1411
hut;1410
lawn;1410
ruin;1409
subject;1409
swing;1409
slice;1408
dedicate;1407
practically;1407
thigh;1407
transmit;1407
albeit;1406
corresponding;1406
mistake;1406
sound;1405
cluster;1404
comparative;1404
discharge;1404
nurse;1404
breeding;1403
counselling;1403
heritage;1403
motorway;1403
obstacle;1403
propose;1403
bucket;1401
characteristic;1401
campaign;1400
migration;1400
originate;1399
ritual;1399
hunting;1398
crude;1397
chemical;1396
dioxide;1396
inspiration;1396
prejudice;1396
protocol;1396
uncomfortable;1395
inspect;1394
worthy;1394
parallel;1393
summon;1393
okay;1392
outlet;1392
booking;1391
collaboration;1391
charming;1390
productive;1390
salad;1390
access;1389
oak;1389
polish;1389
cruel;1388
independently;1388
tourism;1388
accused;1387
diversity;1387
amend;1386
forecast;1386
fucking;1386
supplement;1386
soap;1385
ruling;1384
interference;1381
executive;1380
clarify;1379
minimal;1379
mining;1379
novel;1378
strain;1378
coastal;1377
try;1377
characterise;1376
kilometre;1376
minus;1376
quota;1376
rising;1376
beneficial;1375
pet;1375
suspicious;1375
deprive;1374
fling;1374
bias;1372
covenant;1372
trophy;1371
honestly;1370
verb;1370
extract;1369
eyebrow;1368
stem;1368
straw;1368
forehead;1367
girlfriend;1367
lecturer;1367
mask;1367
noble;1367
farming;1366
symbolic;1366
timetable;1366
injection;1365
librarian;1365
lid;1365
abuse;1364
bonus;1364
irrelevant;1364
sexuality;1364
ankle;1363
survey;1363
thumb;1363
occurrence;1360
psychologist;1360
bow;1359
deliberate;1359
profitable;1359
code;1358
representative;1358
rightly;1358
tribe;1358
bow;1357
marble;1357
validity;1357
contrast;1356
hidden;1356
maturity;1356
plunge;1356
clergy;1355
grip;1355
middle-class;1355
tobacco;1355
decoration;1354
passive;1354
trading;1354
racial;1352
embarrassment;1351
well;1351
banker;1348
fatal;1348
sauce;1348
compensate;1347
make-up;1346
interior;1345
popularity;1345
seat;1345
bunch;1344
continuity;1344
eligible;1344
hook;1342
pronounce;1341
wicket;1341
ballet;1340
heir;1339
insufficient;1337
positively;1337
dancer;1336
mysterious;1336
substitute;1336
caution;1335
trail;1335
added;1334
donation;1334
elaborate;1333
managerial;1333
sufferer;1333
tyre;1333
weaken;1333
gardener;1332
renew;1332
restraint;1332
configuration;1331
dilemma;1331
embark;1330
rear;1330
appreciation;1329
continually;1329
importantly;1329
misery;1329
radical;1327
diverse;1325
revive;1323
dwelling;1322
lounge;1322
trip;1322
parental;1321
loyal;1320
forbid;1319
outsider;1319
privatisation;1319
inherent;1317
manuscript;1317
prospective;1317
yep;1317
deem;1316
intermediate;1315
telecommunication;1315
basin;1314
calendar;1314
worthwhile;1314
rebuild;1313
utterly;1313
pulse;1312
predator;1311
suppress;1311
betray;1310
spine;1310
stiff;1310
width;1310
punish;1309
arouse;1308
compile;1308
lifestyle;1308
stall;1308
divine;1307
headline;1307
partially;1307
sacred;1306
unpleasant;1306
cool;1305
useless;1305
obey;1304
statue;1304
tremble;1304
drunk;1302
circulate;1301
molecular;1301
tender;1301
exploitation;1300
explicitly;1299
chat;1298
linear;1298
utterance;1298
distress;1297
revision;1297
spill;1296
knight;1295
steward;1295
dignity;1294
learner;1294
selective;1294
semantic;1294
sum;1294
activate;1293
fiscal;1293
grid;1293
senate;1293
fortunate;1292
rival;1292
jeans;1291
commentator;1290
fitting;1290
select;1290
crush;1289
handicap;1289
weep;1289
calm;1288
defensive;1288
repeatedly;1288
skilled;1288
stay;1288
towel;1288
pin;1287
rain;1287
temporarily;1287
enforcement;1286
frontier;1286
rod;1286
villa;1286
activist;1285
boyfriend;1285
disagree;1285
lordship;1285
philosophical;1285
protective;1285
slim;1283
viewer;1283
deed;1282
harmony;1282
mist;1282
textile;1282
this;1282
bolt;1281
caravan;1281
commissioner;1281
invention;1281
merge;1281
ending;1280
gut;1277
publishing;1277
loud;1276
map;1276
stamp;1276
picture;1275
rug;1275
shock;1275
stroke;1275
fine;1273
praise;1273
slip;1273
garment;1272
material;1272
monument;1272
melt;1271
realm;1271
toward;1271
alike;1270
characterize;1270
distinguished;1270
furious;1270
reactor;1270
reproduction;1270
aspiration;1269
feedback;1269
probe;1269
pump;1269
carve;1268
fare;1268
solar;1268
suspect;1268
membrane;1267
qualified;1267
convict;1266
dependence;1266
bacteria;1265
ambassador;1264
trading;1264
conjunction;1263
drug;1263
wound;1263
cabin;1262
shaft;1261
trail;1261
attribute;1260
half;1260
inappropriate;1260
treasure;1260
embassy;1259
liquid;1259
array;1258
exemption;1258
terribly;1258
bull;1257
erosion;1257
sack;1257
tablet;1257
compel;1255
promoter;1255
unfortunate;1255
warehouse;1255
motivate;1254
burning;1252
foreigner;1250
lemon;1250
sail;1250
vitamin;1250
ancestor;1249
bat;1249
persistent;1249
powder;1249
arch;1248
compliance;1248
mathematical;1248
predominantly;1248
overnight;1247
serum;1247
woodland;1247
binding;1246
coach;1246
doing;1246
doubtful;1246
brigade;1245
depart;1245
invisible;1245
mid;1245
ozone;1245
peer;1245
surrounding;1245
consume;1244
manipulate;1244
aggression;1243
glove;1243
intact;1243
temptation;1243
emergence;1242
beautifully;1241
coffin;1241
stag;1241
clutch;1240
follower;1239
neatly;1239
scrutiny;1239
trainee;1239
underline;1239
wit;1239
sterling;1238
bee;1237
tariff;1237
negligence;1236
relaxation;1236
knot;1235
penetrate;1235
sunlight;1235
grind;1234
openly;1234
skull;1234
temper;1234
intake;1233
package;1233
sickness;1233
supervise;1233
throne;1233
whale;1233
beast;1232
inland;1232
within;1232
competent;1231
morality;1231
rear;1231
sink;1230
bargain;1229
optimistic;1229
permanently;1229
reminder;1229
uniform;1229
bile;1228
bless;1228
decisive;1228
horizontal;1228
respective;1228
seemingly;1228
bullet;1227
spatial;1227
convincing;1226
overseas;1226
respectable;1226
confrontation;1225
unacceptable;1225
cheer;1224
illusion;1224
instant;1224
joke;1224
paid;1224
swiftly;1224
congregation;1223
alarm;1222
fond;1222
jewellery;1222
medium;1222
toss;1222
wake;1222
winning;1222
worldwide;1222
cooperation;1221
desire;1221
dive;1221
guerrilla;1221
calcium;1220
prescribe;1220
thread;1220
chemist;1219
marker;1219
redundant;1219
debtor;1218
legacy;1218
mammal;1218
testament;1217
grin;1216
silver;1216
tragic;1216
heal;1215
inheritance;1215
spectacle;1215
enzyme;1214
sovereignty;1214
host;1213
corn;1212
neighbouring;1212
dictate;1211
layout;1211
bar;1210
booklet;1210
inclusion;1210
probable;1210
regain;1210
rip;1210
bronze;1209
fame;1209
laser;1209
privately;1209
complication;1207
metaphor;1207
mobile;1207
narrow;1206
chop;1204
old-fashioned;1204
synthesis;1203
bomb;1202
diameter;1202
fusion;1201
shed;1201
silently;1201
dislike;1200
onion;1200
printing;1200
trigger;1200
curl;1199
embody;1199
bang;1197
cop;1197
halt;1197
loop;1197
rage;1197
sponsorship;1197
sunshine;1197
likelihood;1196
orientation;1196
thinking;1196
toxic;1196
apology;1195
polite;1195
up-to-date;1195
wee;1195
brow;1194
exile;1194
miserable;1193
comparatively;1192
outbreak;1192
forecast;1191
fuck;1191
pump;1191
headmaster;1190
timing;1190
gravity;1189
incredible;1189
joint;1189
premier;1189
sigh;1189
terrify;1189
cylinder;1188
regulatory;1188
curiosity;1187
cognitive;1185
narrative;1185
resident;1185
accountability;1184
adverse;1184
dip;1184
gothic;1184
lengthy;1184
gravel;1183
hydrogen;1183
attain;1182
inhibit;1182
willingness;1182
specialise;1181
confer;1180
like;1180
selected;1180
steer;1180
boast;1179
manual;1179
planner;1179
portray;1179
usage;1179
documentation;1178
fertility;1178
jail;1178
unconscious;1178
corps;1177
exit;1177
patent;1177
wolf;1177
brochure;1176
multiply;1176
proclaim;1176
considering;1175
locomotive;1175
orthodox;1175
screen;1175
syndrome;1172
unaware;1172
confirmation;1171
reform;1171
costly;1170
curve;1170
printed;1170
comfort;1169
designate;1169
territorial;1169
underground;1169
plot;1168
misleading;1167
echo;1166
scratch;1166
weave;1166
endure;1165
ideally;1165
stride;1164
verbal;1164
causal;1163
compatible;1163
exert;1163
nursing;1163
fashionable;1161
following;1161
implicit;1161
manor;1161
mosaic;1161
proceed;1160
valve;1160
jazz;1159
snatch;1159
sofa;1159
patron;1158
provider;1157
applied;1155
chosen;1155
intent;1155
interim;1155
abolition;1154
fury;1154
pie;1154
shiver;1154
accusation;1153
corpse;1153
soccer;1153
dead;1152
kind;1152
contempt;1151
nursing;1151
murderer;1150
prevail;1150
adequately;1149
gathering;1149
liberal;1149
boil;1148
cleaner;1148
disagreement;1148
subjective;1148
civilian;1147
scent;1147
static;1147
abruptly;1146
monk;1146
controller;1145
despair;1145
hammer;1145
keyboard;1145
cheerful;1144
entail;1144
yell;1144
habitat;1143
legally;1143
patience;1143
reconstruction;1143
queue;1142
given;1141
spectator;1141
purple;1140
canvas;1139
dual;1139
genius;1139
outlook;1139
grave;1138
cautious;1137
conform;1137
pepper;1137
butterfly;1136
conspiracy;1136
dot;1136
rating;1135
sincerely;1135
sponsor;1135
bicycle;1134
ethical;1134
furnish;1134
maid;1134
postpone;1134
recorder;1134
salmon;1134
teenage;1134
weird;1134
gasp;1133
luxury;1133
renaissance;1133
sack;1133
sick;1133
adaptation;1132
fringe;1132
native;1132
wardrobe;1132
enclose;1131
hunger;1131
quotation;1131
choir;1130
disastrous;1130
circular;1128
divorce;1128
glimpse;1128
overwhelming;1128
balcony;1127
ferry;1127
locality;1127
dancing;1126
desert;1126
precision;1126
sailor;1126
alert;1125
archive;1124
surrender;1124
jump;1123
philosopher;1122
presume;1121
revival;1121
fantastic;1120
node;1120
assertion;1119
herb;1119
grim;1117
quit;1117
thorough;1117
annoy;1116
broadcast;1116
fair;1116
accelerate;1114
divert;1114
polymer;1113
anonymous;1112
repayment;1112
subscription;1112
survivor;1112
sweat;1112
bride;1111
discourage;1111
ignorance;1111
landowner;1111
lodge;1111
punch;1111
summarise;1111
abbey;1110
depressed;1110
likewise;1110
archbishop;1109
quarry;1109
descent;1108
glare;1108
large-scale;1108
sock;1108
empty;1107
mistress;1107
stumble;1107
agreed;1106
atomic;1106
formulation;1106
harm;1106
prosperity;1106
lobby;1105
threshold;1105
wicked;1105
repay;1104
crawl;1103
track;1103
varying;1103
counter;1102
pudding;1102
salvation;1102
tolerate;1102
ashamed;1100
broker;1100
cage;1100
propaganda;1100
apparatus;1099
document;1099
scan;1099
analogy;1098
theology;1098
bitterly;1097
efficiently;1097
amid;1096
individually;1096
performer;1096
coherent;1095
dominance;1095
exotic;1095
making;1095
sentiment;1095
squadron;1095
colourful;1094
flick;1094
placement;1094
amuse;1093
angrily;1093
mercy;1093
annually;1092
appraisal;1092
mainstream;1092
arbitrary;1091
gold;1091
intimate;1091
torch;1091
preservation;1090
venture;1090
disclosure;1089
shy;1089
lace;1088
inability;1087
delicious;1086
hunt;1086
listener;1086
motif;1086
substitute;1085
term;1085
accumulate;1084
chair;1084
dragon;1084
haul;1084
highway;1084
exclaim;1083
sample;1083
sediment;1083
unchanged;1083
fan;1082
parcel;1080
root;1080
volunteer;1080
calorie;1079
confidential;1079
delightful;1079
psychiatric;1079
aggregate;1078
crowd;1078
flash;1078
disciplinary;1077
monitor;1077
scholarship;1077
hatred;1076
rock;1076
feather;1075
noisy;1075
pill;1075
lexical;1074
autonomous;1073
staircase;1073
controlled;1072
offensive;1072
projection;1072
viewpoint;1072
flush;1071
flourish;1069
racism;1069
courtesy;1068
pillow;1068
resentment;1068
evolutionary;1067
glorious;1067
monkey;1067
photography;1067
bankruptcy;1066
gradual;1066
sacrifice;1065
cart;1064
continuing;1064
differentiate;1064
formidable;1064
presidency;1064
sketch;1064
uphold;1064
beyond;1062
catch;1062
dense;1062
stadium;1062
clarity;1061
immigration;1061
rifle;1060
slot;1060
worm;1060
academic;1059
foster;1059
harvest;1059
screw;1059
ambiguity;1058
guardian;1058
impulse;1058
apologise;1057
decree;1057
deficiency;1057
outdoor;1057
pony;1057
retreat;1057
terminate;1057
triangle;1057
yarn;1056
appetite;1055
ballot;1055
chorus;1055
developed;1055
flour;1055
incidentally;1055
rebellion;1055
renewal;1055
staff;1055
bizarre;1054
census;1054
homeless;1054
loudly;1054
notebook;1054
stain;1054
greenhouse;1053
striking;1053
burial;1052
part;1052
actress;1051
ash;1051
embarrassed;1051
cassette;1050
fridge;1049
privacy;1049
excess;1048
feed;1048
associate;1047
calf;1047
drill;1046
jointly;1046
ruin;1046
devoted;1044
photograph;1044
driving;1043
indirectly;1043
costume;1042
default;1042
memorandum;1042
allegedly;1041
frame;1041
methodology;1041
shatter;1041
variant;1041
awake;1040
bin;1040
bored;1040
imaginative;1040
investigator;1040
swell;1040
group;1039
recycle;1039
contemporary;1038
enjoyment;1038
bacon;1037
donor;1037
texture;1037
bass;1036
commentary;1036
prosecute;1036
stool;1036
sunny;1036
credit;1035
eventual;1035
repetition;1035
sniff;1035
theirs;1035
newcomer;1034
organisational;1034
suburb;1034
daylight;1033
experiment;1033
film;1033
romance;1033
fur;1032
warrant;1032
civilian;1031
nuisance;1031
parking;1031
balloon;1030
bulb;1030
foolish;1030
biology;1029
spontaneous;1029
surveyor;1029
vivid;1029
aesthetic;1027
amusement;1027
appalling;1027
injunction;1027
offset;1026
rude;1026
stab;1026
vegetation;1026
academy;1025
amateur;1025
flock;1025
mainframe;1025
thinking;1025
reluctance;1024
shilling;1024
spare;1023
velocity;1023
mighty;1022
rib;1022
soak;1022
wartime;1022
shocked;1021
bowl;1020
gall;1020
spit;1020
vocational;1020
axis;1019
fever;1019
prescription;1019
magnitude;1018
reservoir;1018
agony;1017
bracket;1017
cutting;1017
rape;1017
pledge;1016
strangely;1016
strive;1016
chord;1015
dairy;1015
invade;1015
moor;1015
recipient;1015
pillar;1014
poison;1014
shrink;1014
dispute;1013
dressing;1013
innovative;1013
outfit;1013
supervisor;1013
warrior;1013
washing;1013
adjective;1012
brewery;1012
jungle;1012
monarchy;1011
restrain;1011
straighten;1011
herd;1009
trunk;1009
deadline;1008
ego;1007
kneel;1007
moderate;1007
supporting;1007
tiger;1007
bitch;1006
ministerial;1006
sexually;1006
ribbon;1005
snake;1005
stagger;1005
wheat;1005
economically;1004
fisherman;1004
mainland;1004
bomber;1003
desired;1003
handling;1003
irony;1003
knitting;1003
nationalism;1003
unwilling;1003
toast;1002
unusually;1002
voltage;1002
feel;1001
polish;1000
suffering;1000
aloud;999
meaningful;999
technically;999
ant;998
conceptual;998
goat;998
opposite;998
tease;998
waiter;998
bowler;997
inflict;997
drain;996
roar;996
aluminium;995
galaxy;995
wrong;995
critique;994
opposite;994
parade;994
preach;994
receptor;994
query;993
grammatical;992
integral;992
outset;992
pad;991
patrol;991
testing;991
constructive;990
criminal;990
sausage;990
unreasonable;990
doll;989
highlight;989
worldwide;989
biography;988
frightened;988
accumulation;987
offend;987
vocabulary;987
disco;986
fairy;986
linen;986
hint;985
immune;984
pottery;984
ray;984
versus;984
battle;983
holly;983
injured;983
master;983
retreat;983
cargo;982
embarrassing;982
solidarity;982
dash;981
preferred;981
reluctantly;981
theorist;981
bang;980
beard;980
copyright;980
credibility;980
drill;980
reconcile;980
total;980
prevalence;979
punch;979
vaguely;979
vigorous;979
boost;978
uneasy;978
batch;977
bounce;977
faithful;977
fog;977
ironically;977
scrap;977
accord;976
poorly;976
sleeping;976
smooth;976
blast;975
duly;975
vice-president;975
asylum;974
brake;974
prohibit;974
square;974
heap;973
nun;973
obscure;973
allied;972
concrete;972
jockey;972
liaison;972
privileged;972
rhetoric;972
smoothly;972
distort;971
except;971
indulge;971
rob;971
compact;970
exaggerate;970
nucleus;970
viable;970
whatsoever;970
altar;969
cast;969
direct;969
nationality;969
accomplish;968
authorise;968
mandatory;968
presently;968
refuge;968
indigenous;967
startle;967
absurd;966
admiration;966
compound;966
retailer;966
worse;966
coincidence;965
depot;964
passport;964
principally;964
dirt;963
invoke;963
secretion;963
soften;963
calm;962
convenience;962
mug;962
scared;962
optional;961
consistency;960
unsuccessful;960
attachment;959
belly;959
brandy;959
extreme;959
hemisphere;959
solo;959
umbrella;959
communism;958
offspring;958
pine;958
repeated;958
treat;958
uncover;958
wash;958
nominate;957
co-operative;956
donate;956
frog;956
geological;956
soar;956
cord;955
counsel;955
demolish;955
disguise;955
housewife;955
innocence;955
nicely;955
inclined;954
litre;954
reasoning;954
semi-final;954
courtyard;953
evoke;953
arena;952
frozen;951
inhibition;951
simplicity;951
bet;950
immigrant;950
vacuum;950
helmet;949
jail;949
revenge;949
attainment;948
disruption;948
jerk;948
unclear;948
accord;947
chat;947
cult;947
lunchtime;947
program;947
sip;947
broadcast;946
offering;946
supposedly;946
infinite;945
momentum;945
overwhelm;945
secular;945
cellar;944
decrease;944
inquest;944
manipulation;944
avenue;943
counsellor;943
comfortably;942
damn;942
lab;942
labourer;942
rubber;942
par;941
socket;941
tense;941
frankly;940
scenario;940
thrust;940
rank;939
recreation;939
slap;939
blessing;938
clearance;938
filter;938
spy;938
embryo;937
burst;936
can;936
equal;936
mutation;936
predictable;936
varied;936
elder;935
retrieve;935
rehearsal;934
optical;933
absorption;932
combat;932
conflict;932
hurry;932
ion;931
bake;930
heroin;930
wrong;930
bourgeois;929
chalk;929
organizational;929
probe;929
robbery;929
sacrifice;929
stolen;929
vector;929
x-ray;929
climb;928
express;928
morale;928
villager;928
bureaucratic;927
jam;927
notify;927
frustrate;926
literacy;926
aviation;925
clearing;925
freight;925
banana;924
curiously;924
legislature;924
deploy;923
diagnose;922
enjoyable;922
kettle;922
monastery;922
passionate;922
distortion;921
quantitative;921
acquaintance;920
glow;920
kindly;920
monarch;920
assault;919
attacker;919
deprivation;919
handy;919
unexpectedly;919
hostage;918
portable;918
quick;918
retired;918
screening;918
jealous;917
underneath;917
bleak;916
chimney;916
gown;916
proportional;916
plasma;915
seasonal;915
decorative;914
fluctuation;914
promptly;914
referral;914
spray;914
stunning;914
chew;913
plaster;913
resent;913
unrest;913
aquarium;912
blonde;912
differentiation;912
distributor;912
gospel;912
grouping;912
advocate;911
approved;911
jar;911
renewed;911
witch;911
footstep;910
minimise;910
worrying;910
delete;909
drift;908
exceptionally;908
level;908
lone;908
underneath;908
colonel;907
hectare;907
spider;907
computing;906
hobby;906
insider;906
realism;906
swimming;906
infrastructure;905
burn;904
co-operate;904
cereal;903
boxing;902
compromise;902
fold;902
clerical;901
constrain;901
lick;901
rear;901
amateur;900
contend;900
hire;900
instrumental;899
balanced;898
congratulate;898
electorate;898
terminal;898
manufacturing;897
bleed;896
blink;896
domination;896
split;896
indoor;895
notorious;895
precedent;895
unlawful;895
upgrade;894
bargain;893
illuminate;893
therapist;893
trench;893
anger;892
consortium;892
scar;892
warranty;892
appropriately;891
extensively;891
insure;891
disrupt;890
enhanced;890
sideways;890
spoon;890
consolidate;889
continuously;889
gig;889
instant;889
kite;889
precaution;889
satisfied;889
fountain;888
bite;887
gloom;887
graduate;887
armchair;886
nomination;886
noun;886
structure;886
architectural;885
ski;885
tumble;885
unprecedented;885
virtual;885
departmental;884
inject;884
rocket;884
violation;884
climber;883
deer;883
fax;883
luxury;883
row;883
dining;882
fiercely;882
haunt;882
photographic;882
bend;881
bundle;881
gossip;881
sodium;881
dependency;880
deteriorate;880
fragile;880
hen;880
recruit;880
imprison;879
overview;879
scramble;879
swift;879
amp;878
boiler;878
denial;878
rotation;878
trolley;878
doubtless;877
guess;877
hunter;877
make;877
overtake;877
shout;877
trivial;877
beneficiary;876
leak;876
limestone;876
mould;876
obscure;876
syllable;876
manifestation;875
surplus;875
veteran;875
contractual;874
halfway;874
novelist;874
textbook;874
vicar;874
guild;873
swap;873
cough;872
detection;872
detector;872
slab;872
ulcer;872
glow;871
lender;871
spelling;871
whichever;871
prolonged;870
raised;870
honey;869
humble;869
linger;869
t-shirt;869
voucher;869
alien;868
managing;868
postcard;868
scream;868
odour;867
reverse;867
trouble;867
blast;866
discount;866
fundamentally;866
complement;865
deadly;865
deter;865
intercourse;865
pioneer;865
procession;865
residue;865
scrape;865
syntactic;865
citizenship;864
nitrogen;864
restrictive;864
detention;863
pedestrian;863
choke;862
fixture;862
hastily;862
microphone;862
wagon;862
bulletin;861
carrot;861
dozen;861
nationally;861
power;861
programming;861
weed;861
wet;861
skeleton;860
spoken;860
urgency;860
vicious;860
wording;860
compute;859
interactive;859
motorist;859
urgently;858
whip;858
banner;857
ethics;857
porter;857
shrub;857
telly;857
financially;856
gallon;856
hook;856
omission;856
velvet;856
continuation;855
plug;855
superintendent;855
damaging;854
detain;854
fool;854
justified;854
reliance;854
compartment;853
dine;853
discard;853
mains;853
orbit;853
basement;852
blame;852
disperse;852
distributed;852
lately;852
memorable;852
privatization;852
revised;852
monitoring;851
puzzle;851
slump;851
board;850
fork;850
instructor;850
mushroom;850
nominal;850
talented;850
attempted;849
cemetery;849
disposition;849
want;849
astonishing;848
besides;848
hospitality;848
ivory;848
magical;848
nephew;848
affinity;847
differential;847
license;847
proprietor;847
tract;847
irrespective;846
neglect;846
royalty;846
talking;846
contrary;845
dentist;845
franchise;845
incapable;845
regret;845
sticky;845
whip;845
crop;844
enthusiast;844
profitability;844
bubble;843
dome;843
pier;843
pile;843
utter;843
arc;842
ascertain;842
sanctuary;842
stocking;842
treasurer;842
crouch;841
feast;841
marathon;841
mole;841
quest;841
circular;840
entitlement;840
hardship;840
storm;840
complementary;839
sore;839
strap;839
walking;839
course;838
majesty;838
mankind;838
noticeable;838
understandable;838
ambiguous;837
goalkeeper;837
pigeon;837
preoccupation;836
prestige;836
virgin;836
walker;836
anticipation;835
craftsman;835
groan;835
municipal;835
upset;835
confession;834
denounce;834
infect;834
knock;834
revise;834
pal;833
toll;833
turkey;833
hug;832
provisional;832
sulphur;832
transcription;832
conductor;831
fascinate;831
intent;831
particular;831
feasible;830
creed;829
meadow;829
trait;829
vacant;829
optimism;828
unfamiliar;828
destiny;827
excavation;827
substantive;827
sweet;827
twist;827
wary;827
archaeological;826
pasture;826
thick;826
awake;825
cultivate;825
papal;825
pat;825
profit;825
tick;825
civic;824
trained;824
distract;823
enormously;823
siege;823
voyage;823
ample;822
civilization;822
correction;822
demonstrator;822
eternal;822
expel;822
hay;822
helpless;822
honourable;822
immediately;822
jewel;822
stroll;822
articulate;821
diplomat;821
distinctly;821
encompass;821
premature;821
rehabilitation;821
retention;821
contest;820
deviation;820
intensify;820
prop;820
restricted;820
insistence;819
kidney;819
lazy;819
workplace;819
decay;818
excited;818
forestry;818
multimedia;818
whisper;818
bodily;817
bump;817
harmful;817
homework;817
invaluable;817
pest;817
rally;817
screw;817
conversely;816
cushion;816
facade;816
finished;816
grasp;816
fuss;815
install;815
perceived;815
petty;815
slogan;815
solvent;815
tune;815
urge;815
imminent;814
rack;814
contraction;813
ram;813
revert;813
short;813
athlete;812
defy;812
ham;812
supplementary;812
tread;812
bail;811
crossing;811
physician;811
sociological;811
alert;810
midfield;810
plausible;810
tight;810
unwanted;810
abnormal;809
cruelty;809
drainage;809
feminine;809
poison;808
relate;808
curl;807
litigation;807
marsh;807
prone;807
rotten;807
stake;807
symmetry;807
chase;806
greeting;806
hover;806
latin;806
urine;806
forge;805
produce;805
spouse;805
handicapped;804
salon;804
colon;803
handicap;803
homosexual;803
sway;803
garlic;802
lay;802
original;802
spray;802
stimulation;802
upstairs;802
decision-making;801
historically;801
incredibly;801
manifest;801
manpower;801
moan;801
skipper;801
suitcase;801
considering;800
quantum;800
reformer;800
wildly;800